{
	"$schema": "http://json-schema.org/draft-07/schema#",
	"title": "Vaccination Passport",
	"description": "new Vaccination passport",
	"additionalProperties": false,
	"type": "object",
	"definitions": {
		"person": {
			"type": "object",
			"properties": {
				"name": {
					"type": "string"
				},
				"socialSecurityNumber": {
					"type": "string"
				},
				"age": {
					"type": "integer"
				},
				"phoneNumbers": {
					"$ref": "#/definitions/phoneNumbers"
				}
			},
			"required": [
				"name",
				"age"
			]
		},
		"passport": {
			"type": "object",
			"description": "Corona passport information",
			"properties": {
				"vaccinationProcessBegun": {
					"type": "boolean"
				},
				"vaccinationProcessEnded": {
					"type": "boolean"
				},
				"testedNegative": {
					"type": "boolean"
				},
				"testDate": {
					"type": "string"
				},
				"hasBeenSickWithCorona": {
					"type": "boolean"
				},
				"vaccineName": {
					"enum": [
						"CoVaxin",
						"CoviShield"
					],
					"type": "string"
				}
			},
			"required": [
				"vaccinationProcessBegun",
				"vaccinationProcessEnded",
				"testedNegative",
				"hasBeenSickWithCorona",
				"vaccineName"
			]
		},
		"phoneNumbers": {
			"type": "array",
			"items": {
				"type": "integer"
			}
		}
	},
	"properties": {
		"person": {
			"$ref": "#/definations/person",
			"description": "Owner of Corona passport"
		},
		"passport": {
			"$ref": "#/definitions/passport",
			"description": "Corona information"
		}
	},
	"required": [
		"person",
		"passport"
	]
}